{"veinSettings":[{"start_position":{"x":3.3868484497070314,"y":-0.21035659313201905,"z":-12.04332447052002},"end_position":{"x":3.487638473510742,"y":1.5668683052062989,"z":-11.1138916015625},"start_rotation":{"x":0.3191361427307129,"y":0.6099296808242798,"z":0.6707144379615784,"w":-0.2761886417865753},"end_rotation":0.0,"start_size":1.0,"end_size":1.0,"is_tunnel":true,"start_type":0,"end_type":0},{"start_position":{"x":-3.818948745727539,"y":-0.9095807075500488,"z":1.5678884983062745},"end_position":{"x":3.1997456550598146,"y":-0.36571061611175539,"z":4.095264911651611},"start_rotation":{"x":-0.05736544728279114,"y":0.7927089333534241,"z":0.595460832118988,"w":0.11725306510925293},"end_rotation":0.0,"start_size":1.0,"end_size":1.0,"is_tunnel":true,"start_type":0,"end_type":0},{"start_position":{"x":1.5173709392547608,"y":0.05236256122589111,"z":1.5664894580841065},"end_position":{"x":2.618872880935669,"y":1.3440766334533692,"z":0.3904685378074646},"start_rotation":{"x":0.04593687877058983,"y":0.8662447333335877,"z":0.439805269241333,"w":-0.23255378007888795},"end_rotation":0.0,"start_size":1.0,"end_size":1.0,"is_tunnel":true,"start_type":0,"end_type":0},{"start_position":{"x":-0.5498574376106262,"y":-0.172613263130188,"z":3.373000144958496},"end_position":{"x":-0.4619762897491455,"y":3.6665594577789308,"z":4.175643444061279},"start_rotation":{"x":-0.727668285369873,"y":-0.20650260150432588,"z":-0.15662071108818055,"w":0.6350792050361633},"end_rotation":0.0,"start_size":1.0,"end_size":1.0,"is_tunnel":true,"start_type":0,"end_type":0}]}