{"veinSettings":[{"start_position":{"x":3.3868484497070314,"y":-0.21035659313201905,"z":-12.04332447052002},"end_position":{"x":3.487638473510742,"y":1.5668683052062989,"z":-11.1138916015625},"start_rotation":{"x":0.3191361427307129,"y":0.6099296808242798,"z":0.6707144379615784,"w":-0.2761886417865753},"end_rotation":0.0,"start_size":1.0,"end_size":1.0,"is_tunnel":true,"start_type":0,"end_type":0}]}