{"veinSettings":[{"start_position":{"x":4.951489448547363,"y":-0.6683788299560547,"z":-2.453019380569458},"end_position":{"x":4.649342060089111,"y":0.8680055141448975,"z":-2.4844017028808595},"start_rotation":{"x":-0.4379572868347168,"y":-0.5135363340377808,"z":-0.28377479314804079,"w":0.6811357140541077},"end_rotation":0.0,"start_size":1.0,"end_size":1.0,"is_tunnel":true,"start_type":0,"end_type":0},{"start_position":{"x":0.33033430576324465,"y":-0.058329224586486819,"z":2.95223331451416},"end_position":{"x":0.2694302797317505,"y":1.915572166442871,"z":2.8733911514282228},"start_rotation":{"x":-0.48525238037109377,"y":-0.4485630691051483,"z":-0.195318341255188,"w":0.7246875762939453},"end_rotation":0.0,"start_size":1.0,"end_size":1.0,"is_tunnel":true,"start_type":0,"end_type":0}]}