{"headSettings":{"skullSize":0.6821092367172241,"jawWidth":-0.015405172482132912,"jawHeight":-0.0009348225430585444,"jawDepth":-0.0006065821507945657,"cheekboneWidth":-0.000976269249804318,"cheekboneHeight":0.001672532525844872,"cheekSize":-0.00968940556049347,"chinLength":-0.0021727108396589758,"chinWidth":-0.008836597204208374,"eyeHeight":-0.01672404259443283,"eyeDistance":-0.01975850574672222,"eyeDepth":-0.014882296323776245,"eyeSize":0.00009254693577531725,"outerBrow":0.00972813367843628,"innerBrow":-0.0033032489009201528,"browDistance":-0.0013351436937227846,"browDepth":-0.019147271290421487,"mouthWidth":0.0070587084628641609,"mouthHeight":-0.011267302557826043,"lipSize":-0.0003171849239151925,"noseWidth":0.018566947430372239,"noseHeight":-0.005643247161060572,"noseDepth":0.017348341643810273,"earRotation":-0.015937723219394685,"earHeight":-0.0011158728739246727,"earSize":-0.018182357773184778,"hairStyle":4,"browStyle":1,"sideBeardStyle":1,"stacheStyle":3,"beardStyle":1,"eyeLidColor":{"r":0.01603173464536667,"g":0.3991887867450714,"b":0.5863794088363648,"a":0.8813725709915161},"scleraColor":{"r":0.30190831422805788,"g":0.10033971816301346,"b":0.2335614711046219,"a":0.42102867364883425},"irisColor":{"r":0.46159452199935915,"g":0.9671751260757446,"b":0.6615066528320313,"a":0.9919848442077637},"pupilColor":{"r":0.1290419101715088,"g":0.19280970096588136,"b":0.23639295995235444,"a":0.17552675306797028},"makeupColor":{"r":0.10287529230117798,"g":0.1265082210302353,"b":0.9273627996444702,"a":0.9601860046386719},"lipColor":{"r":0.057336047291755679,"g":0.22703643143177033,"b":0.3150484263896942,"a":0.869797945022583}},"upperNeckLength":0.09515876322984696,"upperNeckWidth":0.05293227359652519,"lowerNeckWidth":0.11545480787754059,"atlasLength":0.06214588135480881,"torsoDepth":0.07911662757396698,"torsoWidth":0.03969912230968475,"ribLength":0.24590131640434266,"waist":0.04689481854438782,"bellyLength":0.12211272120475769,"shoulderWidth":0.13014915585517884,"shoulderSize":0.08899491280317307,"armLength":0.3158631920814514,"elbowSize":0.03880307823419571,"forearmLength":0.23884840309619904,"wristSize":0.02446550317108631,"upperHipWidth":0.04492274299263954,"upperHipRadius":0.10840674489736557,"lowerHipRadius":0.1753067523241043,"hipLength":0.08901503682136536,"hipOutRotation":24.245407104492189,"thighLength":0.3720778226852417,"kneeRadius":0.04341552406549454,"upperCalfLength":0.1006193459033966,"calfRadius":0.04665273427963257,"lowerCalfLength":0.2221745401620865,"ankleRadius":0.03540923073887825,"skinColor":{"r":0.026934577152132989,"g":0.11101154237985611,"b":0.12043465673923493,"a":1.0},"hairColor":{"r":0.037473034113645557,"g":0.195689857006073,"b":0.28459253907203677,"a":0.2246704399585724},"basicInGameObject":{"instanceID":36026},"coverSettings":{"color":{"r":0.10469100624322891,"g":0.11810552328824997,"b":0.11276745051145554,"a":0.17095674574375153},"upperNeck":true,"lowerNeck":false,"shoulders":true,"elbows":false,"wrists":true,"chest":true,"waist":false,"hips":true,"butt":false,"knees":true,"calves":true,"ankles":false}}