{"headSettings":{"skullSize":1.1712005138397217,"jawWidth":0.0018576884176582099,"jawHeight":-0.015014881268143654,"jawDepth":0.001827538013458252,"cheekboneWidth":-0.013738011009991169,"cheekboneHeight":0.01428951695561409,"cheekSize":-0.013682321645319462,"chinLength":0.012669091112911702,"chinWidth":-0.018010014668107034,"eyeHeight":0.014849643222987652,"eyeDistance":-0.0051415241323411469,"eyeDepth":0.012675533071160317,"eyeSize":-0.007894695736467839,"outerBrow":0.006216743029654026,"innerBrow":0.00476306676864624,"browDistance":0.000741160474717617,"browDepth":0.00572470435872674,"mouthWidth":0.01289288979023695,"mouthHeight":-0.004252064041793346,"lipSize":0.002396991243585944,"noseWidth":0.0002463602868374437,"noseHeight":0.0128519581630826,"noseDepth":-0.014085511676967144,"earRotation":-0.014298809692263604,"earHeight":0.011397823691368103,"earSize":0.017095981165766717,"hairStyle":2,"browStyle":3,"sideBeardStyle":2,"stacheStyle":2,"beardStyle":3,"eyeLidColor":{"r":0.4845007658004761,"g":0.5182586312294006,"b":0.37330320477485659,"a":0.8037127256393433},"scleraColor":{"r":0.7150330543518066,"g":0.7225061655044556,"b":0.8531959652900696,"a":0.10715533792972565},"irisColor":{"r":0.6451930403709412,"g":0.8439030051231384,"b":0.8318629264831543,"a":0.20250681042671204},"pupilColor":{"r":0.20237034559249879,"g":0.9578290581703186,"b":0.941947340965271,"a":0.9008893966674805},"makeupColor":{"r":0.49846944212913515,"g":0.9092450141906738,"b":0.5194537043571472,"a":0.624477207660675},"lipColor":{"r":0.7256083488464356,"g":0.6562677621841431,"b":0.766810953617096,"a":0.24446728825569154}},"upperNeckLength":0.08241061866283417,"upperNeckWidth":0.050721392035484317,"lowerNeckWidth":0.10711105912923813,"atlasLength":0.08541213721036911,"torsoDepth":0.09236697107553482,"torsoWidth":0.06677727401256561,"ribLength":0.14750279486179353,"waist":0.050836123526096347,"bellyLength":0.08374989032745362,"shoulderWidth":0.14865785837173463,"shoulderSize":0.10172057151794434,"armLength":0.2671525478363037,"elbowSize":0.04366442933678627,"forearmLength":0.3464404344558716,"wristSize":0.02562948316335678,"upperHipWidth":0.04314151778817177,"upperHipRadius":0.07437264919281006,"lowerHipRadius":0.09077297151088715,"hipLength":0.08667761832475662,"hipOutRotation":28.490135192871095,"thighLength":0.3055979907512665,"kneeRadius":0.037636276334524158,"upperCalfLength":0.05379922688007355,"calfRadius":0.08070319890975952,"lowerCalfLength":0.1976887285709381,"ankleRadius":0.0372452512383461,"skinColor":{"r":0.700805127620697,"g":0.8062607049942017,"b":0.8381280899047852,"a":1.0},"hairColor":{"r":0.6289900541305542,"g":0.47394654154777529,"b":0.8064224123954773,"a":0.7357547879219055},"basicInGameObject":{"instanceID":36026},"coverSettings":{"color":{"r":0.6831507682800293,"g":0.7934045791625977,"b":0.8239130973815918,"a":0.035970453172922137},"upperNeck":false,"lowerNeck":true,"shoulders":true,"elbows":false,"wrists":false,"chest":true,"waist":false,"hips":true,"butt":true,"knees":false,"calves":true,"ankles":true}}