{"headSettings":{"skullSize":1.1920247077941895,"jawWidth":0.0055993529967963699,"jawHeight":-0.008744362741708756,"jawDepth":0.01944567635655403,"cheekboneWidth":-0.018025869503617288,"cheekboneHeight":0.007768070325255394,"cheekSize":0.005833413451910019,"chinLength":0.010798749513924122,"chinWidth":-0.005785344634205103,"eyeHeight":0.0018737864447757602,"eyeDistance":0.0172209981828928,"eyeDepth":0.005832660011947155,"eyeSize":-0.014776276424527169,"outerBrow":-0.01515952032059431,"innerBrow":-0.008791464380919934,"browDistance":-0.0004995876224711537,"browDepth":-0.014491552487015725,"mouthWidth":-0.006816672161221504,"mouthHeight":0.0007793974946253002,"lipSize":0.009074489586055279,"noseWidth":0.01812700740993023,"noseHeight":-0.010555132292211056,"noseDepth":0.012104201130568982,"earRotation":-0.002893574070185423,"earHeight":-0.017363939434289933,"earSize":-0.01766013167798519,"hairStyle":4,"browStyle":1,"sideBeardStyle":2,"stacheStyle":2,"beardStyle":1,"eyeLidColor":{"r":0.245399609208107,"g":0.5192241072654724,"b":0.6708030700683594,"a":0.6303519606590271},"scleraColor":{"r":0.21832230687141419,"g":0.3178520202636719,"b":0.4434196352958679,"a":0.27823570370674136},"irisColor":{"r":0.24522674083709718,"g":0.3417479395866394,"b":0.26180174946784975,"a":0.2568146288394928},"pupilColor":{"r":0.5144559144973755,"g":0.30722761154174807,"b":0.1108047142624855,"a":0.5578370690345764},"makeupColor":{"r":0.7621793746948242,"g":0.510235607624054,"b":0.20849201083183289,"a":0.8348528146743774},"lipColor":{"r":0.08775065839290619,"g":0.6819133162498474,"b":0.27827727794647219,"a":0.8675472736358643}},"upperNeckLength":0.053148020058870319,"upperNeckWidth":0.04944680631160736,"lowerNeckWidth":0.09283575415611267,"atlasLength":0.09995085000991821,"torsoDepth":0.118625208735466,"torsoWidth":0.06512342393398285,"ribLength":0.14692562818527223,"waist":0.06286456435918808,"bellyLength":0.10115920007228852,"shoulderWidth":0.06171070784330368,"shoulderSize":0.07214271277189255,"armLength":0.4195146858692169,"elbowSize":0.05037996172904968,"forearmLength":0.16758033633232118,"wristSize":0.02937009371817112,"upperHipWidth":0.02939598634839058,"upperHipRadius":0.07125572115182877,"lowerHipRadius":0.1063058078289032,"hipLength":0.10471971333026886,"hipOutRotation":11.499114036560059,"thighLength":0.563610315322876,"kneeRadius":0.04434123635292053,"upperCalfLength":0.12779724597930909,"calfRadius":0.08129433542490006,"lowerCalfLength":0.229720339179039,"ankleRadius":0.02341819554567337,"skinColor":{"r":0.18604367971420289,"g":0.3097154200077057,"b":0.23952579498291017,"a":1.0},"hairColor":{"r":0.4437386989593506,"g":0.3559274971485138,"b":0.46711215376853945,"a":0.4126736521720886},"basicInGameObject":{"instanceID":36026},"coverSettings":{"color":{"r":0.2538248598575592,"g":0.28547918796539309,"b":0.2988157272338867,"a":0.08753157407045365},"upperNeck":false,"lowerNeck":true,"shoulders":true,"elbows":true,"wrists":false,"chest":true,"waist":true,"hips":true,"butt":false,"knees":true,"calves":true,"ankles":false}}