{"headSettings":{"skullSize":1.0,"jawWidth":0.0,"jawHeight":0.0,"jawDepth":0.0,"cheekboneWidth":0.0,"cheekboneHeight":0.0,"cheekSize":0.0,"chinLength":0.0,"chinWidth":0.0,"eyeHeight":0.0,"eyeDistance":0.0,"eyeDepth":0.0,"eyeSize":0.0,"outerBrow":0.0,"innerBrow":0.0,"browDistance":0.0,"browDepth":0.0,"mouthWidth":0.0,"mouthHeight":0.0,"lipSize":0.0,"noseWidth":0.0,"noseHeight":0.0,"noseDepth":0.0,"earRotation":0.0,"earHeight":0.0,"earSize":0.0},"upperNeckLength":0.10000000149011612,"upperNeckWidth":0.05000000074505806,"lowerNeckWidth":0.07999999821186066,"atlasLength":0.10000000149011612,"torsoDepth":0.11999999731779099,"torsoWidth":0.05000000074505806,"ribLength":0.20000000298023225,"waist":0.07999999821186066,"bellyLength":0.15000000596046449,"shoulderWidth":0.10000000149011612,"shoulderSize":0.07999999821186066,"armLength":0.30000001192092898,"elbowSize":0.03999999910593033,"forearmLength":0.25,"wristSize":0.02500000037252903,"upperHipWidth":0.05000000074505806,"upperHipRadius":0.14000000059604646,"lowerHipRadius":0.15000000596046449,"hipLength":0.09000000357627869,"hipOutRotation":20.0,"thighLength":0.4000000059604645,"kneeRadius":0.05000000074505806,"upperCalfLength":0.10000000149011612,"calfRadius":0.05999999865889549,"lowerCalfLength":0.25,"ankleRadius":0.029999999329447748,"skinColor":{"r":0.658823549747467,"g":0.4941176474094391,"b":0.48627451062202456,"a":0.0},"basicInGameObject":{"instanceID":35962},"coverSettings":{"color":{"r":0.0,"g":0.0,"b":0.0,"a":0.0},"upperNeck":false,"lowerNeck":false,"shoulders":false,"elbows":false,"wrists":false,"chest":false,"waist":false,"hips":false,"butt":true,"knees":false,"calves":false,"ankles":false}}