{"headSettings":{"skullSize":0.9238651394844055,"jawWidth":0.0002734446607064456,"jawHeight":0.014833125285804272,"jawDepth":-0.006830156780779362,"cheekboneWidth":0.01780158467590809,"cheekboneHeight":-0.007540090940892696,"cheekSize":0.01506641786545515,"chinLength":0.00169730419293046,"chinWidth":0.001305997371673584,"eyeHeight":-0.0008002448012121022,"eyeDistance":0.0113447280600667,"eyeDepth":0.007790934760123491,"eyeSize":-0.003872430184856057,"outerBrow":-0.009599674493074417,"innerBrow":0.006969883106648922,"browDistance":0.0034500169567763807,"browDepth":-0.017219003289937974,"mouthWidth":-0.007904103957116604,"mouthHeight":0.013143496587872506,"lipSize":0.018311891704797746,"noseWidth":0.00870579481124878,"noseHeight":-0.0197647325694561,"noseDepth":0.008732158690690995,"earRotation":-0.01467910222709179,"earHeight":0.019545182585716249,"earSize":-0.013886388391256333,"hairStyle":3,"browStyle":4,"sideBeardStyle":4,"stacheStyle":4,"beardStyle":4,"eyeLidColor":{"r":0.61676424741745,"g":0.3081662952899933,"b":0.8204165697097778,"a":0.6014966368675232},"scleraColor":{"r":0.5208833813667297,"g":0.7643707394599915,"b":0.7337690591812134,"a":0.09522797167301178},"irisColor":{"r":0.05653739348053932,"g":0.7457170486450195,"b":0.6907185912132263,"a":0.9928070306777954},"pupilColor":{"r":0.49538809061050417,"g":0.7674480080604553,"b":0.6486675143241882,"a":0.22597137093544007},"makeupColor":{"r":0.6850429177284241,"g":0.5395460724830627,"b":0.7613616585731506,"a":0.45809417963027956},"lipColor":{"r":0.5537276864051819,"g":0.8343490958213806,"b":0.828620970249176,"a":0.3466116487979889}},"upperNeckLength":0.10033711045980454,"upperNeckWidth":0.04788068309426308,"lowerNeckWidth":0.07272876054048538,"atlasLength":0.07553748041391373,"torsoDepth":0.12919628620147706,"torsoWidth":0.05190403759479523,"ribLength":0.22480227053165437,"waist":0.11887135356664658,"bellyLength":0.16671094298362733,"shoulderWidth":0.08990323543548584,"shoulderSize":0.08821119368076325,"armLength":0.4072667360305786,"elbowSize":0.05224088206887245,"forearmLength":0.22349025309085847,"wristSize":0.019607195630669595,"upperHipWidth":0.07499366998672486,"upperHipRadius":0.16540765762329102,"lowerHipRadius":0.16243945062160493,"hipLength":0.09462638199329376,"hipOutRotation":14.069011688232422,"thighLength":0.3581358790397644,"kneeRadius":0.03210557997226715,"upperCalfLength":0.07665883749723435,"calfRadius":0.045524224638938907,"lowerCalfLength":0.31561970710754397,"ankleRadius":0.03448086604475975,"skinColor":{"r":0.49805882573127749,"g":0.7498347163200378,"b":0.7462360262870789,"a":1.0},"hairColor":{"r":0.11757170408964157,"g":0.6175616979598999,"b":0.6714251637458801,"a":0.8965458869934082},"basicInGameObject":{"instanceID":36056},"coverSettings":{"color":{"r":0.6180009245872498,"g":0.7809274792671204,"b":0.7529702186584473,"a":0.3582679331302643},"upperNeck":true,"lowerNeck":false,"shoulders":false,"elbows":false,"wrists":true,"chest":true,"waist":false,"hips":false,"butt":false,"knees":false,"calves":false,"ankles":false}}