{"headSettings":{"skullSize":1.3940119743347169,"jawWidth":-0.008387916721403599,"jawHeight":-0.013075746595859528,"jawDepth":0.016179323196411134,"cheekboneWidth":-0.01673014648258686,"cheekboneHeight":-0.004761211574077606,"cheekSize":-0.019101399928331376,"chinLength":0.000067012311774306,"chinWidth":0.004732138942927122,"eyeHeight":0.009119712747633458,"eyeDistance":-0.012706035748124123,"eyeDepth":-0.0005690073594450951,"eyeSize":0.0010769105283543468,"outerBrow":0.0050356886349618439,"innerBrow":0.009006263688206673,"browDistance":-0.0003254240727983415,"browDepth":-0.009107707999646664,"mouthWidth":0.016104597598314287,"mouthHeight":-0.015955261886119844,"lipSize":-0.0021528552751988174,"noseWidth":0.013752231374382973,"noseHeight":-0.011812036857008934,"noseDepth":-0.01738770864903927,"earRotation":0.0035953212063759567,"earHeight":-0.002190043916925788,"earSize":0.008902790024876595,"hairStyle":3,"browStyle":2,"sideBeardStyle":3,"stacheStyle":2,"beardStyle":2,"eyeLidColor":{"r":0.3456348180770874,"g":0.5670396685600281,"b":0.6291179656982422,"a":0.5807715058326721},"scleraColor":{"r":0.19734282791614533,"g":0.28710851073265078,"b":0.6799878478050232,"a":0.10720266401767731},"irisColor":{"r":0.49629297852516177,"g":0.11128582805395127,"b":0.46130087971687319,"a":0.7901111841201782},"pupilColor":{"r":0.10408426821231842,"g":0.2415568232536316,"b":0.690288782119751,"a":0.020200015977025033},"makeupColor":{"r":0.2304174304008484,"g":0.9320036172866821,"b":0.5516090393066406,"a":0.9926176071166992},"lipColor":{"r":0.13673321902751923,"g":0.4512847065925598,"b":0.5742683410644531,"a":0.35153165459632876}},"upperNeckLength":0.10744474828243256,"upperNeckWidth":0.058301590383052829,"lowerNeckWidth":0.0755772590637207,"atlasLength":0.06747876852750778,"torsoDepth":0.17468047142028809,"torsoWidth":0.02670952118933201,"ribLength":0.11294183880090714,"waist":0.05993899330496788,"bellyLength":0.21804189682006837,"shoulderWidth":0.07984347641468048,"shoulderSize":0.04066715016961098,"armLength":0.18125125765800477,"elbowSize":0.022693973034620286,"forearmLength":0.15120390057563783,"wristSize":0.03296985104680061,"upperHipWidth":0.06640443205833435,"upperHipRadius":0.1040445938706398,"lowerHipRadius":0.18199557065963746,"hipLength":0.0653684139251709,"hipOutRotation":28.115276336669923,"thighLength":0.3008410632610321,"kneeRadius":0.06523313373327255,"upperCalfLength":0.1187136247754097,"calfRadius":0.059520889073610309,"lowerCalfLength":0.34692153334617617,"ankleRadius":0.03810097649693489,"skinColor":{"r":0.10595978796482086,"g":0.24405668675899507,"b":0.687263548374176,"a":1.0},"hairColor":{"r":0.17479649186134339,"g":0.25262585282325747,"b":0.6336784958839417,"a":0.0809016302227974},"basicInGameObject":{"instanceID":36026},"coverSettings":{"color":{"r":0.14178726077079774,"g":0.31572777032852175,"b":0.6423929333686829,"a":0.0966571718454361},"upperNeck":false,"lowerNeck":false,"shoulders":true,"elbows":true,"wrists":true,"chest":true,"waist":false,"hips":false,"butt":false,"knees":false,"calves":true,"ankles":true}}