{"headSettings":{"skullSize":1.142438530921936,"jawWidth":-0.019999999552965165,"jawHeight":-0.0005605995538644493,"jawDepth":-0.011142856441438198,"cheekboneWidth":-0.019999999552965165,"cheekboneHeight":-0.017627853900194169,"cheekSize":-0.005251551978290081,"chinLength":-0.013181404210627079,"chinWidth":0.019999999552965165,"eyeHeight":-0.014428570866584778,"eyeDistance":0.007759961765259504,"eyeDepth":-0.019999999552965165,"eyeSize":0.0006070065428502858,"outerBrow":-0.0028147411067038776,"innerBrow":-0.006344967987388372,"browDistance":-0.004999999888241291,"browDepth":-0.014717179350554943,"mouthWidth":0.019999999552965165,"mouthHeight":-0.01646324060857296,"lipSize":0.019999999552965165,"noseWidth":0.019999999552965165,"noseHeight":-0.019999999552965165,"noseDepth":0.0006501197931356728,"earRotation":0.0003763389540836215,"earHeight":-0.008942607790231705,"earSize":-0.002002192661166191,"hairStyle":0,"browStyle":1,"sideBeardStyle":0,"stacheStyle":0,"beardStyle":0,"eyeLidColor":{"r":0.8047806024551392,"g":0.8102791905403137,"b":0.6250706315040588,"a":1.0},"scleraColor":{"r":0.8583234548568726,"g":0.8888349533081055,"b":0.5066574811935425,"a":0.3388431966304779},"irisColor":{"r":0.8488782644271851,"g":0.31109750270843508,"b":0.0,"a":0.45100048184394839},"pupilColor":{"r":0.11877512186765671,"g":0.07594925910234451,"b":0.42960602045059206,"a":0.993004322052002},"makeupColor":{"r":0.7080032825469971,"g":0.22044852375984193,"b":0.9290834665298462,"a":0.0},"lipColor":{"r":0.6290950179100037,"g":0.6407715678215027,"b":0.6701002717018127,"a":0.2874293625354767}},"upperNeckLength":0.05000000074505806,"upperNeckWidth":0.04928445816040039,"lowerNeckWidth":0.05240217596292496,"atlasLength":0.07698997855186463,"torsoDepth":0.06478668749332428,"torsoWidth":0.04084158316254616,"ribLength":0.10149035602807999,"waist":0.057336628437042239,"bellyLength":0.22500000894069673,"shoulderWidth":0.05046461895108223,"shoulderSize":0.04794182628393173,"armLength":0.3539232313632965,"elbowSize":0.03877304494380951,"forearmLength":0.375,"wristSize":0.017959117889404298,"upperHipWidth":0.02500000037252903,"upperHipRadius":0.09862455725669861,"lowerHipRadius":0.08945240825414658,"hipLength":0.09295547008514404,"hipOutRotation":17.4908390045166,"thighLength":0.29600730538368227,"kneeRadius":0.036637794226408008,"upperCalfLength":0.14795082807540894,"calfRadius":0.05428250506520271,"lowerCalfLength":0.25089746713638308,"ankleRadius":0.02210177481174469,"skinColor":{"r":0.706699550151825,"g":0.7455295920372009,"b":0.7093966007232666,"a":1.0},"hairColor":{"r":0.8090665936470032,"g":0.32168707251548769,"b":0.2084999829530716,"a":0.8113746643066406},"basicInGameObject":{"instanceID":36026},"coverSettings":{"color":{"r":0.8616560101509094,"g":0.5343518853187561,"b":0.27878111600875857,"a":1.0},"upperNeck":false,"lowerNeck":false,"shoulders":true,"elbows":false,"wrists":false,"chest":true,"waist":true,"hips":false,"butt":false,"knees":false,"calves":false,"ankles":false}}