{"headSettings":{"skullSize":1.1551716327667237,"jawWidth":0.01626444235444069,"jawHeight":0.004011433105915785,"jawDepth":0.00683812377974391,"cheekboneWidth":-0.004747359547764063,"cheekboneHeight":0.01586059480905533,"cheekSize":-0.007918485440313816,"chinLength":0.018383879214525224,"chinWidth":0.00014910459867678583,"eyeHeight":-0.004765651188790798,"eyeDistance":0.005031358916312456,"eyeDepth":0.010350022464990616,"eyeSize":-0.003972208593040705,"outerBrow":-0.0009506773785687983,"innerBrow":0.013580679893493653,"browDistance":0.001763331238180399,"browDepth":0.00579006876796484,"mouthWidth":-0.019120626151561738,"mouthHeight":0.015228948555886746,"lipSize":0.0010330795776098967,"noseWidth":-0.018147725611925126,"noseHeight":0.01458755973726511,"noseDepth":-0.01722807250916958,"earRotation":-0.012080916203558445,"earHeight":0.004948942456394434,"earSize":0.007795770186930895,"hairStyle":3,"browStyle":0,"sideBeardStyle":0,"stacheStyle":0,"beardStyle":2,"eyeLidColor":{"r":0.633514404296875,"g":0.5661525130271912,"b":0.3818560242652893,"a":0.09925617277622223},"scleraColor":{"r":0.6284208297729492,"g":0.5118189454078674,"b":0.5613845586776733,"a":0.693180501461029},"irisColor":{"r":0.6254569292068481,"g":0.5372969508171082,"b":0.41358914971351626,"a":0.04158759489655495},"pupilColor":{"r":0.4259190857410431,"g":0.5874117016792297,"b":0.5963912606239319,"a":0.41658681631088259},"makeupColor":{"r":0.7620874643325806,"g":0.5610249042510986,"b":0.5233316421508789,"a":0.6237905621528626},"lipColor":{"r":0.6252714991569519,"g":0.5646196603775024,"b":0.43467479944229128,"a":0.04701615124940872}},"upperNeckLength":0.09676504135131836,"upperNeckWidth":0.057150743901729587,"lowerNeckWidth":0.1002386063337326,"atlasLength":0.06428875029087067,"torsoDepth":0.11326591670513153,"torsoWidth":0.04170233756303787,"ribLength":0.13372260332107545,"waist":0.0600321888923645,"bellyLength":0.2223743051290512,"shoulderWidth":0.05779105797410011,"shoulderSize":0.09133607149124146,"armLength":0.24272465705871583,"elbowSize":0.05720226466655731,"forearmLength":0.3290834426879883,"wristSize":0.026864269748330118,"upperHipWidth":0.0338810458779335,"upperHipRadius":0.14369513094425202,"lowerHipRadius":0.13124479353427888,"hipLength":0.08200910687446594,"hipOutRotation":22.447492599487306,"thighLength":0.5310371518135071,"kneeRadius":0.06216898560523987,"upperCalfLength":0.10387673228979111,"calfRadius":0.04877021163702011,"lowerCalfLength":0.1406962275505066,"ankleRadius":0.017760371789336206,"skinColor":{"r":0.6097586750984192,"g":0.5471627712249756,"b":0.41191089153289797,"a":1.0},"hairColor":{"r":0.4484822154045105,"g":0.7645606994628906,"b":0.22571443021297456,"a":0.4988228678703308},"basicInGameObject":{"instanceID":36026},"coverSettings":{"color":{"r":0.630176842212677,"g":0.8404858112335205,"b":0.08474142104387284,"a":0.9215778112411499},"upperNeck":true,"lowerNeck":false,"shoulders":true,"elbows":false,"wrists":true,"chest":true,"waist":true,"hips":false,"butt":true,"knees":true,"calves":true,"ankles":false}}