{"headSettings":{"skullSize":0.6383520364761353,"jawWidth":-0.013579349033534527,"jawHeight":0.011331300251185894,"jawDepth":0.013229631818830967,"cheekboneWidth":0.005776688922196627,"cheekboneHeight":-0.009604271501302719,"cheekSize":0.0025590204168111088,"chinLength":-0.014356369152665139,"chinWidth":0.0186786986887455,"eyeHeight":-0.019096359610557557,"eyeDistance":0.011186537332832814,"eyeDepth":0.013824285939335823,"eyeSize":0.00347322691231966,"outerBrow":-0.006312855519354343,"innerBrow":0.003132598241791129,"browDistance":-0.0003927153302356601,"browDepth":-0.007203100714832544,"mouthWidth":-0.01423780806362629,"mouthHeight":0.015247988514602185,"lipSize":0.012475929223001004,"noseWidth":-0.014532088302075863,"noseHeight":0.011894120834767819,"noseDepth":-0.0081929387524724,"earRotation":-0.012654193677008152,"earHeight":-0.002466418780386448,"earSize":-0.001775534125044942,"hairStyle":3,"browStyle":1,"sideBeardStyle":4,"stacheStyle":2,"beardStyle":2,"eyeLidColor":{"r":0.4341930150985718,"g":0.23434124886989594,"b":0.582227349281311,"a":0.37149956822395327},"scleraColor":{"r":0.3549426198005676,"g":0.5068234205245972,"b":0.35066458582878115,"a":0.3126496374607086},"irisColor":{"r":0.833918571472168,"g":0.12217237055301666,"b":0.7743110060691834,"a":0.8591551780700684},"pupilColor":{"r":0.2166111022233963,"g":0.566979169845581,"b":0.183319553732872,"a":0.532738983631134},"makeupColor":{"r":0.380319207906723,"g":0.503084659576416,"b":0.18383924663066865,"a":0.5912697911262512},"lipColor":{"r":0.7922574281692505,"g":0.41969239711761477,"b":0.7315171360969544,"a":0.7398248314857483}},"upperNeckLength":0.06686197966337204,"upperNeckWidth":0.04985017701983452,"lowerNeckWidth":0.04885804280638695,"atlasLength":0.07588580995798111,"torsoDepth":0.07284712046384812,"torsoWidth":0.06858895719051361,"ribLength":0.1020396277308464,"waist":0.05673619359731674,"bellyLength":0.19710858166217805,"shoulderWidth":0.10729936510324478,"shoulderSize":0.07037339359521866,"armLength":0.4096086025238037,"elbowSize":0.033653099089860919,"forearmLength":0.187208354473114,"wristSize":0.03373967856168747,"upperHipWidth":0.04076714813709259,"upperHipRadius":0.09038129448890686,"lowerHipRadius":0.13897931575775147,"hipLength":0.09741907566785813,"hipOutRotation":22.1489315032959,"thighLength":0.42795485258102419,"kneeRadius":0.06795426458120346,"upperCalfLength":0.06626962870359421,"calfRadius":0.08702738583087921,"lowerCalfLength":0.20793211460113526,"ankleRadius":0.01517946831882,"skinColor":{"r":0.40898817777633669,"g":0.28563475608825686,"b":0.3816242814064026,"a":1.0},"hairColor":{"r":0.4850439429283142,"g":0.2548971176147461,"b":0.4007473886013031,"a":0.5113174319267273},"basicInGameObject":{"instanceID":36026},"coverSettings":{"color":{"r":0.40810486674308779,"g":0.30557504296302798,"b":0.368990033864975,"a":0.16885735094547273},"upperNeck":true,"lowerNeck":true,"shoulders":true,"elbows":true,"wrists":false,"chest":false,"waist":false,"hips":true,"butt":true,"knees":false,"calves":false,"ankles":false}}