{"headSettings":{"skullSize":0.8778791427612305,"jawWidth":0.019999999552965165,"jawHeight":-0.019999999552965165,"jawDepth":-0.019999999552965165,"cheekboneWidth":0.014654366299510003,"cheekboneHeight":0.019999999552965165,"cheekSize":0.019999999552965165,"chinLength":0.019999999552965165,"chinWidth":0.019999999552965165,"eyeHeight":-0.019999999552965165,"eyeDistance":0.0029493235051631929,"eyeDepth":-0.019999999552965165,"eyeSize":0.019999999552965165,"outerBrow":0.019999999552965165,"innerBrow":0.00626729940995574,"browDistance":-0.004999999888241291,"browDepth":-0.019999999552965165,"mouthWidth":0.019999999552965165,"mouthHeight":0.01917051523923874,"lipSize":-0.010414759628474713,"noseWidth":-0.003410155652090907,"noseHeight":0.011059918440878392,"noseDepth":-0.007004604209214449,"earRotation":0.0,"earHeight":0.0,"earSize":0.0,"hairStyle":3,"browStyle":0,"sideBeardStyle":0,"stacheStyle":0,"beardStyle":0,"eyeLidColor":{"r":0.0,"g":0.0,"b":0.0,"a":0.0},"scleraColor":{"r":1.0,"g":1.0,"b":1.0,"a":0.572549045085907},"irisColor":{"r":0.48156651854515078,"g":0.4447003901004791,"b":1.0,"a":1.0},"pupilColor":{"r":0.0,"g":0.0,"b":0.0,"a":1.0},"makeupColor":{"r":1.0,"g":1.0,"b":1.0,"a":0.4423963129520416},"lipColor":{"r":0.6313725709915161,"g":0.3137255012989044,"b":0.42352941632270815,"a":0.10409300774335861}},"upperNeckLength":0.05000000074505806,"upperNeckWidth":0.07500000298023224,"lowerNeckWidth":0.10285714268684387,"atlasLength":0.10000000149011612,"torsoDepth":0.08239630609750748,"torsoWidth":0.02500000037252903,"ribLength":0.20000000298023225,"waist":0.06894008070230484,"bellyLength":0.07500000298023224,"shoulderWidth":0.05000000074505806,"shoulderSize":0.03999999910593033,"armLength":0.15000000596046449,"elbowSize":0.019999999552965165,"forearmLength":0.125,"wristSize":0.012500000186264515,"upperHipWidth":0.02500000037252903,"upperHipRadius":0.07000000029802323,"lowerHipRadius":0.07500000298023224,"hipLength":0.04500000178813934,"hipOutRotation":10.552995681762696,"thighLength":0.20000000298023225,"kneeRadius":0.02500000037252903,"upperCalfLength":0.05000000074505806,"calfRadius":0.029999999329447748,"lowerCalfLength":0.125,"ankleRadius":0.014999999664723874,"skinColor":{"r":1.0,"g":1.0,"b":0.38193953037261965,"a":1.0},"hairColor":{"r":1.0,"g":1.0,"b":0.0,"a":0.0},"basicInGameObject":{"instanceID":36056},"coverSettings":{"color":{"r":1.0,"g":1.0,"b":1.0,"a":1.0},"upperNeck":false,"lowerNeck":false,"shoulders":true,"elbows":false,"wrists":false,"chest":true,"waist":true,"hips":true,"butt":true,"knees":false,"calves":false,"ankles":false}}