{"headSettings":{"skullSize":1.0534465312957764,"jawWidth":0.01406873669475317,"jawHeight":-0.01752602495253086,"jawDepth":-0.008926566690206528,"cheekboneWidth":-0.00297158001922071,"cheekboneHeight":-0.00001755475932441186,"cheekSize":0.017545003443956376,"chinLength":0.01651114970445633,"chinWidth":-0.0013791489182040096,"eyeHeight":-0.011031058616936207,"eyeDistance":0.019282503053545953,"eyeDepth":-0.006453870330005884,"eyeSize":0.0007225298904813826,"outerBrow":-0.016799787059426309,"innerBrow":-0.005142396781593561,"browDistance":-0.004936941899359226,"browDepth":0.006745545659214258,"mouthWidth":0.007102591916918755,"mouthHeight":-0.014360345900058747,"lipSize":0.014737725257873536,"noseWidth":0.009933507069945336,"noseHeight":0.01386817917227745,"noseDepth":-0.0012133431155234576,"earRotation":0.008044039830565453,"earHeight":0.0013417840236797929,"earSize":-0.016507800668478013,"hairStyle":1,"browStyle":4,"sideBeardStyle":0,"stacheStyle":1,"beardStyle":1,"eyeLidColor":{"r":0.7261396646499634,"g":0.8314698934555054,"b":0.5985258221626282,"a":0.8143575191497803},"scleraColor":{"r":0.9364627599716187,"g":0.6233944892883301,"b":0.7623453140258789,"a":0.12565650045871736},"irisColor":{"r":0.9421349167823792,"g":0.718428909778595,"b":0.8113508820533752,"a":0.0449984110891819},"pupilColor":{"r":0.2556101679801941,"g":0.31826484203338625,"b":0.7369160652160645,"a":0.8176532983779907},"makeupColor":{"r":0.9236920475959778,"g":0.6403141617774963,"b":0.4773883521556854,"a":0.5009320378303528},"lipColor":{"r":0.672880232334137,"g":0.5377562642097473,"b":0.7484415769577026,"a":0.322621613740921}},"upperNeckLength":0.12516537308692933,"upperNeckWidth":0.06723016500473023,"lowerNeckWidth":0.08791574090719223,"atlasLength":0.07698997855186463,"torsoDepth":0.06478668749332428,"torsoWidth":0.04084158316254616,"ribLength":0.10149035602807999,"waist":0.0535585880279541,"bellyLength":0.17562773823738099,"shoulderWidth":0.1477491706609726,"shoulderSize":0.08421100676059723,"armLength":0.2830849587917328,"elbowSize":0.0523739792406559,"forearmLength":0.23736311495304109,"wristSize":0.01536171231418848,"upperHipWidth":0.07147571444511414,"upperHipRadius":0.16606254875659944,"lowerHipRadius":0.20987741649150849,"hipLength":0.09295547008514404,"hipOutRotation":17.4908390045166,"thighLength":0.29600730538368227,"kneeRadius":0.06827885657548905,"upperCalfLength":0.14795082807540894,"calfRadius":0.05428250506520271,"lowerCalfLength":0.25089746713638308,"ankleRadius":0.02210177481174469,"skinColor":{"r":0.9846597909927368,"g":0.7091181874275208,"b":0.8193959593772888,"a":1.0},"hairColor":{"r":0.8931972980499268,"g":0.6831079125404358,"b":0.35187700390815737,"a":0.8620532751083374},"basicInGameObject":{"instanceID":36026},"coverSettings":{"color":{"r":0.8833500742912293,"g":0.5956313610076904,"b":0.5839301943778992,"a":0.3538323938846588},"upperNeck":true,"lowerNeck":false,"shoulders":true,"elbows":false,"wrists":true,"chest":true,"waist":false,"hips":true,"butt":false,"knees":false,"calves":true,"ankles":false}}