{"headSettings":{"skullSize":0.9227458834648132,"jawWidth":0.003194491844624281,"jawHeight":-0.018848475068807603,"jawDepth":0.006050159689038992,"cheekboneWidth":-0.011639722622931004,"cheekboneHeight":0.006899735890328884,"cheekSize":-0.009859073907136917,"chinLength":0.008377229794859887,"chinWidth":0.008106529712677002,"eyeHeight":-0.0131019102409482,"eyeDistance":-0.006611970718950033,"eyeDepth":-0.011196354404091835,"eyeSize":0.009837644174695015,"outerBrow":-0.017905214801430703,"innerBrow":-0.005551556125283241,"browDistance":0.004557198379188776,"browDepth":0.011207222938537598,"mouthWidth":0.0008588433265686035,"mouthHeight":0.007400905713438988,"lipSize":0.00793984904885292,"noseWidth":0.019018206745386125,"noseHeight":0.00999618973582983,"noseDepth":-0.015410622581839562,"earRotation":-0.009609373286366463,"earHeight":0.0034692073240876199,"earSize":-0.003949692007154226,"hairStyle":0,"browStyle":2,"sideBeardStyle":0,"stacheStyle":0,"beardStyle":0,"eyeLidColor":{"r":0.47471198439598086,"g":0.44177475571632388,"b":0.17488893866539002,"a":0.0},"scleraColor":{"r":0.0,"g":0.0,"b":0.0,"a":0.0},"irisColor":{"r":0.7300906777381897,"g":0.5971360802650452,"b":0.4539523422718048,"a":0.15173174440860749},"pupilColor":{"r":0.0,"g":0.0,"b":0.0,"a":1.0},"makeupColor":{"r":0.0,"g":0.0,"b":0.0,"a":0.20603419840335847},"lipColor":{"r":0.8039470314979553,"g":0.6414570212364197,"b":0.6032561659812927,"a":0.8139292001724243}},"upperNeckLength":0.07887189090251923,"upperNeckWidth":0.03780094161629677,"lowerNeckWidth":0.0900665894150734,"atlasLength":0.06915046274662018,"torsoDepth":0.12993569672107697,"torsoWidth":0.06330685317516327,"ribLength":0.2666528820991516,"waist":0.11999999731779099,"bellyLength":0.12450399994850159,"shoulderWidth":0.06321815401315689,"shoulderSize":0.06021612137556076,"armLength":0.31103387475013735,"elbowSize":0.04089801385998726,"forearmLength":0.31043434143066409,"wristSize":0.03446100652217865,"upperHipWidth":0.06060262396931648,"upperHipRadius":0.15743251144886018,"lowerHipRadius":0.0799417793750763,"hipLength":0.10399819910526276,"hipOutRotation":12.879104614257813,"thighLength":0.20000000298023225,"kneeRadius":0.03992127999663353,"upperCalfLength":0.09502607583999634,"calfRadius":0.04354945570230484,"lowerCalfLength":0.12709853053092957,"ankleRadius":0.018514001742005349,"skinColor":{"r":1.0,"g":0.86724853515625,"b":0.1760224550962448,"a":1.0},"hairColor":{"r":0.39215725660324099,"g":0.37739694118499758,"b":0.31124839186668398,"a":0.6065368056297302},"basicInGameObject":{"instanceID":36026},"coverSettings":{"color":{"r":0.8693196177482605,"g":0.39380112290382388,"b":0.36682677268981936,"a":0.5016741156578064},"upperNeck":false,"lowerNeck":false,"shoulders":false,"elbows":false,"wrists":false,"chest":true,"waist":false,"hips":false,"butt":false,"knees":false,"calves":true,"ankles":false}}