{"headSettings":{"skullSize":1.374299168586731,"jawWidth":-0.004125311505049467,"jawHeight":-0.010099266655743122,"jawDepth":0.018382934853434564,"cheekboneWidth":0.013695006258785725,"cheekboneHeight":0.014405674301087857,"cheekSize":-0.015567640773952008,"chinLength":0.0003124403883703053,"chinWidth":-0.0061445077881217,"eyeHeight":0.012184333987534047,"eyeDistance":0.01807960867881775,"eyeDepth":0.017526987940073015,"eyeSize":-0.0062440428882837299,"outerBrow":0.005730774253606796,"innerBrow":-0.014639100059866906,"browDistance":-0.004557970445603132,"browDepth":-0.0019567273557186128,"mouthWidth":0.012569178827106953,"mouthHeight":-0.018415875732898713,"lipSize":0.01843440532684326,"noseWidth":0.001850702683441341,"noseHeight":-0.0012088989606127143,"noseDepth":0.0026883052196353676,"earRotation":0.011195072904229164,"earHeight":0.013212933205068112,"earSize":0.014247397892177105,"hairStyle":0,"browStyle":0,"sideBeardStyle":3,"stacheStyle":0,"beardStyle":4,"eyeLidColor":{"r":0.40275806188583376,"g":0.1830470860004425,"b":0.8468417525291443,"a":0.4868413805961609},"scleraColor":{"r":0.7374728918075562,"g":0.3090498745441437,"b":0.8657354116439819,"a":0.20467248558998109},"irisColor":{"r":0.24183951318264008,"g":0.7517164349555969,"b":0.7832546830177307,"a":0.9939498901367188},"pupilColor":{"r":0.5703232884407044,"g":0.1654590368270874,"b":0.8487574458122253,"a":0.18642236292362214},"makeupColor":{"r":0.297885537147522,"g":0.25718796253204348,"b":0.5691565275192261,"a":0.839584469795227},"lipColor":{"r":0.7281515598297119,"g":0.17839975655078889,"b":0.8552998304367065,"a":0.12154258787631989}},"upperNeckLength":0.11770371347665787,"upperNeckWidth":0.03871917352080345,"lowerNeckWidth":0.04146682843565941,"atlasLength":0.14098578691482545,"torsoDepth":0.06129486858844757,"torsoWidth":0.03549785166978836,"ribLength":0.22152340412139893,"waist":0.062056466937065127,"bellyLength":0.15829797089099885,"shoulderWidth":0.11902112513780594,"shoulderSize":0.11425963044166565,"armLength":0.16950009763240815,"elbowSize":0.03453729674220085,"forearmLength":0.3552953898906708,"wristSize":0.03264305368065834,"upperHipWidth":0.0728762075304985,"upperHipRadius":0.10032476484775543,"lowerHipRadius":0.17200224101543427,"hipLength":0.08694592863321305,"hipOutRotation":18.581623077392579,"thighLength":0.574347198009491,"kneeRadius":0.048739783465862277,"upperCalfLength":0.08111332356929779,"calfRadius":0.036039095371961597,"lowerCalfLength":0.2766573429107666,"ankleRadius":0.03404032811522484,"skinColor":{"r":0.6956828832626343,"g":0.15578843653202058,"b":0.9371808767318726,"a":1.0},"hairColor":{"r":0.6612988114356995,"g":0.2110702246427536,"b":0.8565402626991272,"a":0.10666455328464508},"basicInGameObject":{"instanceID":36026},"coverSettings":{"color":{"r":0.7052618265151978,"g":0.8268508911132813,"b":0.40511173009872439,"a":0.9053219556808472},"upperNeck":true,"lowerNeck":true,"shoulders":true,"elbows":true,"wrists":false,"chest":true,"waist":true,"hips":false,"butt":false,"knees":true,"calves":true,"ankles":true}}